{
   "description": "Dashboard - covers host, GPU, RDMA and NVLink metrics\n",
   "graphTooltip": 1,
   "panels": [
      {
         "collapsed": true,
         "gridPos": {
            "h": 1,
            "w": 24,
            "x": 0,
            "y": 0
         },
         "id": 1,
         "panels": [
            {
               "datasource": {
                  "type": "datasource",
                  "uid": "-- Mixed --"
               },
               "fieldConfig": {
                  "defaults": {
                     "unit": "percent"
                  }
               },
               "gridPos": {
                  "h": 8,
                  "w": 8,
                  "x": 0,
                  "y": 0
               },
               "id": 2,
               "pluginVersion": "v11.0.0",
               "targets": [
                  {
                     "datasource": {
                        "type": "prometheus",
                        "uid": "Prometheus"
                     },
                     "expr": "avg by(Hostname) (DCGM_FI_DEV_GPU_UTIL)",
                     "legendFormat": "{{ Hostname }}"
                  }
               ],
               "title": "GPU Utilization",
               "type": "timeseries"
            },
            {
               "datasource": {
                  "type": "datasource",
                  "uid": "-- Mixed --"
               },
               "fieldConfig": {
                  "defaults": {
                     "unit": "hertz"
                  }
               },
               "gridPos": {
                  "h": 8,
                  "w": 8,
                  "x": 8,
                  "y": 0
               },
               "id": 3,
               "pluginVersion": "v11.0.0",
               "targets": [
                  {
                     "datasource": {
                        "type": "prometheus",
                        "uid": "Prometheus"
                     },
                     "expr": "avg by(Hostname) (DCGM_FI_DEV_SM_CLOCK)",
                     "legendFormat": "{{ Hostname }}"
                  }
               ],
               "title": "SM Clock",
               "type": "timeseries"
            },
            {
               "datasource": {
                  "type": "datasource",
                  "uid": "-- Mixed --"
               },
               "fieldConfig": {
                  "defaults": {
                     "unit": "hertz"
                  }
               },
               "gridPos": {
                  "h": 8,
                  "w": 8,
                  "x": 16,
                  "y": 0
               },
               "id": 4,
               "pluginVersion": "v11.0.0",
               "targets": [
                  {
                     "datasource": {
                        "type": "prometheus",
                        "uid": "Prometheus"
                     },
                     "expr": "avg by(Hostname) (DCGM_FI_DEV_MEM_CLOCK)",
                     "legendFormat": "{{ Hostname }}"
                  }
               ],
               "title": "Memory Clock",
               "type": "timeseries"
            },
            {
               "datasource": {
                  "type": "datasource",
                  "uid": "-- Mixed --"
               },
               "fieldConfig": {
                  "defaults": {
                     "unit": "bytes"
                  }
               },
               "gridPos": {
                  "h": 8,
                  "w": 8,
                  "x": 0,
                  "y": 0
               },
               "id": 5,
               "pluginVersion": "v11.0.0",
               "targets": [
                  {
                     "datasource": {
                        "type": "prometheus",
                        "uid": "Prometheus"
                     },
                     "expr": "avg by(Hostname) (DCGM_FI_DEV_FB_USED)",
                     "legendFormat": "{{ Hostname }}"
                  }
               ],
               "title": "Frame Buffer Used",
               "type": "timeseries"
            },
            {
               "datasource": {
                  "type": "datasource",
                  "uid": "-- Mixed --"
               },
               "fieldConfig": {
                  "defaults": {
                     "unit": "percent"
                  }
               },
               "gridPos": {
                  "h": 8,
                  "w": 8,
                  "x": 8,
                  "y": 0
               },
               "id": 6,
               "pluginVersion": "v11.0.0",
               "targets": [
                  {
                     "datasource": {
                        "type": "prometheus",
                        "uid": "Prometheus"
                     },
                     "expr": "avg by(Hostname) (DCGM_FI_DEV_MEM_COPY_UTIL)",
                     "legendFormat": "{{ Hostname }}"
                  }
               ],
               "title": "Memory Copy Utilization",
               "type": "timeseries"
            },
            {
               "datasource": {
                  "type": "datasource",
                  "uid": "-- Mixed --"
               },
               "fieldConfig": {
                  "defaults": {
                     "unit": "watt"
                  }
               },
               "gridPos": {
                  "h": 8,
                  "w": 8,
                  "x": 16,
                  "y": 0
               },
               "id": 7,
               "pluginVersion": "v11.0.0",
               "targets": [
                  {
                     "datasource": {
                        "type": "prometheus",
                        "uid": "Prometheus"
                     },
                     "expr": "avg by(Hostname) (DCGM_FI_DEV_POWER_USAGE)",
                     "legendFormat": "{{ Hostname }}"
                  }
               ],
               "title": "Power Usage",
               "type": "timeseries"
            },
            {
               "datasource": {
                  "type": "datasource",
                  "uid": "-- Mixed --"
               },
               "fieldConfig": {
                  "defaults": {
                     "unit": "percent"
                  }
               },
               "gridPos": {
                  "h": 8,
                  "w": 8,
                  "x": 0,
                  "y": 0
               },
               "id": 8,
               "pluginVersion": "v11.0.0",
               "targets": [
                  {
                     "datasource": {
                        "type": "prometheus",
                        "uid": "Prometheus"
                     },
                     "expr": "avg by(Hostname) (DCGM_FI_DEV_ENC_UTIL)",
                     "legendFormat": "{{ Hostname }}"
                  }
               ],
               "title": "Encoder Utilization",
               "type": "timeseries"
            },
            {
               "datasource": {
                  "type": "datasource",
                  "uid": "-- Mixed --"
               },
               "fieldConfig": {
                  "defaults": {
                     "unit": "percent"
                  }
               },
               "gridPos": {
                  "h": 8,
                  "w": 8,
                  "x": 8,
                  "y": 0
               },
               "id": 9,
               "pluginVersion": "v11.0.0",
               "targets": [
                  {
                     "datasource": {
                        "type": "prometheus",
                        "uid": "Prometheus"
                     },
                     "expr": "avg by(Hostname) (DCGM_FI_DEV_DEC_UTIL)",
                     "legendFormat": "{{ Hostname }}"
                  }
               ],
               "title": "Decoder Utilization",
               "type": "timeseries"
            }
         ],
         "title": "GPU",
         "type": "row"
      },
      {
         "collapsed": true,
         "gridPos": {
            "h": 1,
            "w": 24,
            "x": 0,
            "y": 1
         },
         "id": 10,
         "panels": [
            {
               "datasource": {
                  "type": "datasource",
                  "uid": "-- Mixed --"
               },
               "fieldConfig": {
                  "defaults": {
                     "unit": "none"
                  }
               },
               "gridPos": {
                  "h": 8,
                  "w": 8,
                  "x": 0,
                  "y": 0
               },
               "id": 11,
               "pluginVersion": "v11.0.0",
               "targets": [
                  {
                     "datasource": {
                        "type": "prometheus",
                        "uid": "Prometheus"
                     },
                     "expr": "(rdma_np_ecn_marked_roce_packets)",
                     "legendFormat": "{{ interface }}"
                  }
               ],
               "title": "Number of ROCEv2 packets marked for congestion",
               "type": "timeseries"
            },
            {
               "datasource": {
                  "type": "datasource",
                  "uid": "-- Mixed --"
               },
               "fieldConfig": {
                  "defaults": {
                     "unit": "none"
                  }
               },
               "gridPos": {
                  "h": 8,
                  "w": 8,
                  "x": 8,
                  "y": 0
               },
               "id": 12,
               "pluginVersion": "v11.0.0",
               "targets": [
                  {
                     "datasource": {
                        "type": "prometheus",
                        "uid": "Prometheus"
                     },
                     "expr": "(rdma_out_of_sequence)",
                     "legendFormat": "{{ interface }}"
                  }
               ],
               "title": "Number of out of sequence packets received",
               "type": "timeseries"
            },
            {
               "datasource": {
                  "type": "datasource",
                  "uid": "-- Mixed --"
               },
               "fieldConfig": {
                  "defaults": {
                     "unit": "none"
                  }
               },
               "gridPos": {
                  "h": 8,
                  "w": 8,
                  "x": 16,
                  "y": 0
               },
               "id": 13,
               "pluginVersion": "v11.0.0",
               "targets": [
                  {
                     "datasource": {
                        "type": "prometheus",
                        "uid": "Prometheus"
                     },
                     "expr": "(rdma_packet_seq_err)",
                     "legendFormat": "{{ interface }}"
                  }
               ],
               "title": "Number of received NAK sequence error packets",
               "type": "timeseries"
            },
            {
               "datasource": {
                  "type": "datasource",
                  "uid": "-- Mixed --"
               },
               "fieldConfig": {
                  "defaults": {
                     "unit": "none"
                  }
               },
               "gridPos": {
                  "h": 8,
                  "w": 8,
                  "x": 0,
                  "y": 0
               },
               "id": 14,
               "pluginVersion": "v11.0.0",
               "targets": [
                  {
                     "datasource": {
                        "type": "prometheus",
                        "uid": "Prometheus"
                     },
                     "expr": "(rdma_local_ack_timeout_err)",
                     "legendFormat": "{{ interface }}"
                  }
               ],
               "title": "Number of times QPs ack timer expired",
               "type": "timeseries"
            },
            {
               "datasource": {
                  "type": "datasource",
                  "uid": "-- Mixed --"
               },
               "fieldConfig": {
                  "defaults": {
                     "unit": "none"
                  }
               },
               "gridPos": {
                  "h": 8,
                  "w": 8,
                  "x": 8,
                  "y": 0
               },
               "id": 15,
               "pluginVersion": "v11.0.0",
               "targets": [
                  {
                     "datasource": {
                        "type": "prometheus",
                        "uid": "Prometheus"
                     },
                     "expr": "(rdma_roce_adp_retrans)",
                     "legendFormat": "{{ interface }}"
                  }
               ],
               "title": "Number of adaptive retransmissions for RoCE traffic",
               "type": "timeseries"
            },
            {
               "datasource": {
                  "type": "datasource",
                  "uid": "-- Mixed --"
               },
               "fieldConfig": {
                  "defaults": {
                     "unit": "none"
                  }
               },
               "gridPos": {
                  "h": 8,
                  "w": 8,
                  "x": 16,
                  "y": 0
               },
               "id": 16,
               "pluginVersion": "v11.0.0",
               "targets": [
                  {
                     "datasource": {
                        "type": "prometheus",
                        "uid": "Prometheus"
                     },
                     "expr": "(rdma_np_cnp_sent)",
                     "legendFormat": "{{ interface }}"
                  }
               ],
               "title": "Number of CNP packets sent",
               "type": "timeseries"
            },
            {
               "datasource": {
                  "type": "datasource",
                  "uid": "-- Mixed --"
               },
               "fieldConfig": {
                  "defaults": {
                     "unit": "none"
                  }
               },
               "gridPos": {
                  "h": 8,
                  "w": 8,
                  "x": 0,
                  "y": 0
               },
               "id": 17,
               "pluginVersion": "v11.0.0",
               "targets": [
                  {
                     "datasource": {
                        "type": "prometheus",
                        "uid": "Prometheus"
                     },
                     "expr": "(rdma_rp_cnp_handled)",
                     "legendFormat": "{{ interface }}"
                  }
               ],
               "title": "Number of CNP packets handled to throttle",
               "type": "timeseries"
            },
            {
               "datasource": {
                  "type": "datasource",
                  "uid": "-- Mixed --"
               },
               "fieldConfig": {
                  "defaults": {
                     "unit": "none"
                  }
               },
               "gridPos": {
                  "h": 8,
                  "w": 8,
                  "x": 8,
                  "y": 0
               },
               "id": 18,
               "pluginVersion": "v11.0.0",
               "targets": [
                  {
                     "datasource": {
                        "type": "prometheus",
                        "uid": "Prometheus"
                     },
                     "expr": "(rdma_rp_cnp_ignored)",
                     "legendFormat": "{{ interface }}"
                  }
               ],
               "title": "Number of CNP packets received and ignored",
               "type": "timeseries"
            },
            {
               "datasource": {
                  "type": "datasource",
                  "uid": "-- Mixed --"
               },
               "fieldConfig": {
                  "defaults": {
                     "unit": "none"
                  }
               },
               "gridPos": {
                  "h": 8,
                  "w": 8,
                  "x": 16,
                  "y": 0
               },
               "id": 19,
               "pluginVersion": "v11.0.0",
               "targets": [
                  {
                     "datasource": {
                        "type": "prometheus",
                        "uid": "Prometheus"
                     },
                     "expr": "(rdma_rx_icrc_encapsulated)",
                     "legendFormat": "{{ interface }}"
                  }
               ],
               "title": "Number of RoCE packets with ICRC (Invertible Cyclic Redundancy Check) errors",
               "type": "timeseries"
            },
            {
               "datasource": {
                  "type": "datasource",
                  "uid": "-- Mixed --"
               },
               "fieldConfig": {
                  "defaults": {
                     "unit": "none"
                  }
               },
               "gridPos": {
                  "h": 8,
                  "w": 8,
                  "x": 0,
                  "y": 0
               },
               "id": 20,
               "pluginVersion": "v11.0.0",
               "targets": [
                  {
                     "datasource": {
                        "type": "prometheus",
                        "uid": "Prometheus"
                     },
                     "expr": "(rdma_roce_slow_restart)",
                     "legendFormat": "{{ interface }}"
                  }
               ],
               "title": "Number of times RoCE slow restart was used",
               "type": "timeseries"
            }
         ],
         "title": "RDMA",
         "type": "row"
      },
      {
         "collapsed": true,
         "gridPos": {
            "h": 1,
            "w": 24,
            "x": 0,
            "y": 2
         },
         "id": 21,
         "panels": [
            {
               "datasource": {
                  "type": "datasource",
                  "uid": "-- Mixed --"
               },
               "fieldConfig": {
                  "defaults": {
                     "unit": "KB"
                  }
               },
               "gridPos": {
                  "h": 8,
                  "w": 8,
                  "x": 0,
                  "y": 0
               },
               "id": 22,
               "pluginVersion": "v11.0.0",
               "targets": [
                  {
                     "datasource": {
                        "type": "prometheus",
                        "uid": "Prometheus"
                     },
                     "expr": "sum by(gpu) (nvlink_data_tx_kib)",
                     "legendFormat": "{{ gpu }}"
                  }
               ],
               "title": "Total data in KiB transmitted",
               "type": "timeseries"
            },
            {
               "datasource": {
                  "type": "datasource",
                  "uid": "-- Mixed --"
               },
               "fieldConfig": {
                  "defaults": {
                     "unit": "KB"
                  }
               },
               "gridPos": {
                  "h": 8,
                  "w": 8,
                  "x": 8,
                  "y": 0
               },
               "id": 23,
               "pluginVersion": "v11.0.0",
               "targets": [
                  {
                     "datasource": {
                        "type": "prometheus",
                        "uid": "Prometheus"
                     },
                     "expr": "sum by(gpu) (nvlink_data_rx_kib)",
                     "legendFormat": "{{ gpu }}"
                  }
               ],
               "title": "Total data in KiB received",
               "type": "timeseries"
            },
            {
               "datasource": {
                  "type": "datasource",
                  "uid": "-- Mixed --"
               },
               "fieldConfig": {
                  "defaults": {
                     "unit": "KB"
                  }
               },
               "gridPos": {
                  "h": 8,
                  "w": 8,
                  "x": 16,
                  "y": 0
               },
               "id": 24,
               "pluginVersion": "v11.0.0",
               "targets": [
                  {
                     "datasource": {
                        "type": "prometheus",
                        "uid": "Prometheus"
                     },
                     "expr": "sum by(gpu) (nvlink_raw_tx_kib)",
                     "legendFormat": "{{ gpu }}"
                  }
               ],
               "title": "Total raw bytes in KiB transmitted",
               "type": "timeseries"
            },
            {
               "datasource": {
                  "type": "datasource",
                  "uid": "-- Mixed --"
               },
               "fieldConfig": {
                  "defaults": {
                     "unit": "KB"
                  }
               },
               "gridPos": {
                  "h": 8,
                  "w": 8,
                  "x": 0,
                  "y": 0
               },
               "id": 25,
               "pluginVersion": "v11.0.0",
               "targets": [
                  {
                     "datasource": {
                        "type": "prometheus",
                        "uid": "Prometheus"
                     },
                     "expr": "sum by(gpu) (nvlink_raw_rx_kib)",
                     "legendFormat": "{{ gpu }}"
                  }
               ],
               "title": "Total raw bytes in KiB received",
               "type": "timeseries"
            }
         ],
         "title": "NVLink",
         "type": "row"
      }
   ],
   "schemaVersion": 39,
   "templating": {
      "list": [
         {
            "name": "datasource",
            "query": "prometheus",
            "type": "datasource"
         },
         {
            "datasource": {
               "type": "prometheus",
               "uid": "${datasource}"
            },
            "name": "hostname",
            "query": "label_values(Hostname)",
            "refresh": 1,
            "type": "query"
         }
      ]
   },
   "time": {
      "from": "now-6h",
      "to": "now"
   },
   "timezone": "browser",
   "title": "GPU RDMA NVLink Dashboard",
   "uid": "cluster-dashboard"
}
