# Format
# If line starts with a '#' it is considered a comment
# DCGM FIELD, Prometheus metric type, help message

# Clocks
DCGM_FI_DEV_SM_CLOCK,  gauge, SM clock frequency (in MHz).
DCGM_FI_DEV_MEM_CLOCK, gauge, Memory clock frequency (in MHz).
# DCGM_EXP_CLOCK_EVENTS_COUNT, gauge, Count of clock events within the user-specified time window (see clock-events-count-window-size param).

# Temperature
DCGM_FI_DEV_MEMORY_TEMP, gauge, Memory temperature (in C).
DCGM_FI_DEV_GPU_TEMP,    gauge, GPU temperature (in C).

# Power
DCGM_FI_DEV_POWER_USAGE,              gauge, Power draw (in W).
DCGM_FI_DEV_TOTAL_ENERGY_CONSUMPTION, counter, Total energy consumption since boot (in mJ).

# PCIE
DCGM_FI_PROF_PCIE_TX_BYTES,  counter, Total number of bytes transmitted through PCIe TX via NVML.
DCGM_FI_PROF_PCIE_RX_BYTES,  counter, Total number of bytes received through PCIe RX via NVML.
DCGM_FI_DEV_PCIE_REPLAY_COUNTER, counter, Total number of PCIe retries.

# Utilization (the sample period varies depending on the product)
DCGM_FI_DEV_GPU_UTIL,      gauge, GPU utilization (in %).
DCGM_FI_DEV_MEM_COPY_UTIL, gauge, Memory utilization (in %).
DCGM_FI_DEV_ENC_UTIL,      gauge, Encoder utilization (in %).
DCGM_FI_DEV_DEC_UTIL ,     gauge, Decoder utilization (in %).

# Errors and violations
DCGM_FI_DEV_XID_ERRORS,              gauge,   Value of the last XID error encountered.
DCGM_FI_DEV_POWER_VIOLATION,       counter, Throttling duration due to power constraints (in us).
DCGM_FI_DEV_THERMAL_VIOLATION,     counter, Throttling duration due to thermal constraints (in us).
DCGM_FI_DEV_SYNC_BOOST_VIOLATION,  counter, Throttling duration due to sync-boost constraints (in us).
DCGM_FI_DEV_BOARD_LIMIT_VIOLATION, counter, Throttling duration due to board limit constraints (in us).
DCGM_FI_DEV_LOW_UTIL_VIOLATION,    counter, Throttling duration due to low utilization (in us).
DCGM_FI_DEV_RELIABILITY_VIOLATION, counter, Throttling duration due to reliability constraints (in us).
DCGM_EXP_XID_ERRORS_COUNT,         gauge,   Count of XID Errors within user-specified time window (see xid-count-window-size param).
# Memory usage
DCGM_FI_DEV_FB_FREE, gauge, Frame buffer memory free (in MB).
DCGM_FI_DEV_FB_USED, gauge, Frame buffer memory used (in MB).

# ECC
DCGM_FI_DEV_ECC_SBE_VOL_TOTAL, counter, Total number of single-bit volatile ECC errors.
DCGM_FI_DEV_ECC_DBE_VOL_TOTAL, counter, Total number of double-bit volatile ECC errors.
DCGM_FI_DEV_ECC_SBE_AGG_TOTAL, counter, Total number of single-bit persistent ECC errors.
DCGM_FI_DEV_ECC_DBE_AGG_TOTAL, counter, Total number of double-bit persistent ECC errors.

# Retired pages
# DCGM_FI_DEV_RETIRED_SBE,     counter, Total number of retired pages due to single-bit errors.
# DCGM_FI_DEV_RETIRED_DBE,     counter, Total number of retired pages due to double-bit errors.
# DCGM_FI_DEV_RETIRED_PENDING, counter, Total number of pages pending retirement.

# NVLink
DCGM_FI_DEV_NVLINK_CRC_FLIT_ERROR_COUNT_TOTAL, counter, Total number of NVLink flow-control CRC errors.
DCGM_FI_DEV_NVLINK_CRC_DATA_ERROR_COUNT_TOTAL, counter, Total number of NVLink data CRC errors.
DCGM_FI_DEV_NVLINK_REPLAY_ERROR_COUNT_TOTAL,   counter, Total number of NVLink retries.
DCGM_FI_DEV_NVLINK_RECOVERY_ERROR_COUNT_TOTAL, counter, Total number of NVLink recovery errors.
DCGM_FI_DEV_NVLINK_BANDWIDTH_TOTAL,            counter, Total number of NVLink bandwidth counters for all lanes

# VGPU License status
DCGM_FI_DEV_VGPU_LICENSE_STATUS, gauge, vGPU License status

# Remapped rows
DCGM_FI_DEV_UNCORRECTABLE_REMAPPED_ROWS, counter, Number of remapped rows for uncorrectable errors
DCGM_FI_DEV_CORRECTABLE_REMAPPED_ROWS,   counter, Number of remapped rows for correctable errors
DCGM_FI_DEV_ROW_REMAP_FAILURE,           gauge,   Whether remapping of rows has failed

# Static configuration information. These appear as labels on the other metrics
DCGM_FI_DRIVER_VERSION,        label, Driver Version
DCGM_FI_NVML_VERSION,          label, NVML Version
DCGM_FI_DEV_BRAND,             label, Device Brand
DCGM_FI_DEV_SERIAL,            label, Device Serial Number
# DCGM_FI_DEV_OEM_INFOROM_VER,   label, OEM inforom version
# DCGM_FI_DEV_ECC_INFOROM_VER,   label, ECC inforom version
# DCGM_FI_DEV_POWER_INFOROM_VER, label, Power management object inforom version
# DCGM_FI_DEV_INFOROM_IMAGE_VER, label, Inforom image version
# DCGM_FI_DEV_VBIOS_VERSION,     label, VBIOS version of the device
DCGM_FI_DEV_ROW_REMAP_PENDING, gauge, Whether remapping of rows is pending
DCGM_FI_DEV_COUNT, gauge, Number of Devices on the node
DCGM_FI_DEV_MEM_MAX_OP_TEMP, gauge, Maximum operating temperature for the memory of this GPU
DCGM_FI_DEV_GPU_MAX_OP_TEMP, gauge, Maximum operating temperature for this GPU
DCGM_FI_DEV_SLOWDOWN_TEMP, gauge, Slowdown temperature for the device
DCGM_FI_DEV_SHUTDOWN_TEMP, gauge, Shutdown temperature for the device
